question,optionA,optionB,optionC,correctAnswer,explanation
"According to the IPCC what is the primary driver of observed global warming trends?","Variations in solar irradiance and volcanic activity", "Natural climate variability internal to the Earth's system", "Human activities leading to increased greenhouse gas concentrations",C,"The IPCC reports conclude unequivocally that human activities primarily through emissions of greenhouse gases are the main driver of observed warming trends"
"Which of the following best describes climate change mitigation as a response strategy?","Adapting infrastructure to withstand increased frequency of extreme weather events", "Reducing the sources of greenhouse gas emissions and enhancing carbon sinks", "Developing early warning systems for populations vulnerable to climate impacts",B,"Climate change mitigation focuses on efforts to reduce GHG emissions and enhance sinks to slow or reverse the warming trend and limit temperature increases"
"What is the primary goal of the Task Force on Climate-related Financial Disclosures (TCFD) recommendations?","To mandate legally binding carbon emission reduction targets for corporations", "To establish a global carbon tax regime", "To improve and increase transparency by enhancing climate related financial disclosures",C,"The TCFD's goal is to improve transparency and help investors to better understand and assess climate related financial risks and opportunities through enhanced disclosures"
"Which of the following is a key characteristic of planetary boundaries as a scientific concept?","They represent fixed and absolute limits to human activities on Earth", "They define a safe operating space for humanity regarding Earth system processes", "They are primarily concerned with biodiversity loss and ecosystem degradation",B,"Planetary boundaries define a safe operating space for humanity by identifying limits within which Earth system processes can safely operate without destabilizing the planet"
"What does the concept of 'carbon budget' refer to in the context of climate change mitigation?","The total financial resources allocated globally to climate change mitigation efforts", "The cumulative amount of carbon dioxide emissions that can be released to limit global warming to a specific temperature target", "The annual carbon emissions reduction targets set by individual countries under the Paris Agreement",B,"The carbon budget is the total cumulative amount of CO2 emissions that can be emitted to keep warming under a certain limit like 1.5 or 2 degrees C"
"Which of the following best describes the 'circular economy' model as a business and economic approach?","An economic system focused on maximizing resource extraction and consumption to drive GDP growth", "A linear model of production consumption and disposal", "An economic model aiming to minimize waste and maximize resource utilization through reuse recycling and regeneration",C,"A circular economy is a regenerative system aiming to minimize waste and utilize resources for as long as possible through reuse and recycling and other means"
"What is the main purpose of 'climate scenario analysis' as recommended by the TCFD for financial institutions and companies?","To predict the exact future climate with certainty", "To assess and quantify potential financial risks and opportunities under different plausible climate futures", "To advocate for specific climate policies and regulations",B,"Climate scenario analysis helps investors and companies understand the range of potential financial impacts from climate change under different plausible climate futures"
"In the context of climate change adaptation what does 'building resilience' primarily refer to?","Reducing greenhouse gas emissions to prevent future climate change impacts", "Enhancing the capacity of systems and communities to withstand and recover from climate change impacts", "Promoting technological innovation to reverse the effects of climate change",B,"Building resilience is about improving the ability of systems and communities to prepare for withstand and recover from the adverse effects of climate change"
"Which of the following is a key challenge associated with implementing carbon offset schemes?","The lack of demand for carbon credits in the voluntary carbon market", "Ensuring the additionality permanence and verifiability of emission reductions from offset projects", "The high cost of carbon capture and storage technologies",B,"Additionality permanence and verifiability are key challenges in carbon offsetting to ensure that offsets represent real additional and long lasting emission reductions"
"According to Chapter 3 what is a significant limitation of relying solely on carbon footprinting as a risk assessment tool?","Carbon footprints are too complex and costly to calculate accurately", "Carbon footprints are backward looking and static measures that may not reflect future risks", "Carbon footprints only capture direct emissions ignoring indirect emissions from the value chain",B,"Carbon footprints are historical snapshots and may not fully capture the dynamic and forward looking risks associated with climate change and environmental issues"
"What does the concept of 'water scarcity' primarily refer to in the context of environmental pressures on natural resources?","The total volume of water available globally", "The lack of freshwater resources to meet human and ecological demand in a given area", "The uneven distribution of rainfall across different regions",B,"Water scarcity refers to a lack of sufficient freshwater resources to meet the demands of human populations and ecosystems in particular regions or areas"
"Which of the following best describes 'natural capital' as a concept relevant to investment analysis?","The financial capital invested in renewable energy projects", "The world’s stocks of natural assets including geology soil air water and living things", "The monetary value of ecosystem services provided by forests and oceans",B,"Natural capital encompasses the Earths stock of natural assets and resources that provide essential ecosystem services and underpin economic activity"
"What is the 'Jevons paradox' as it relates to resource efficiency and environmental sustainability?","Technological innovation will always outpace resource depletion", "Increases in efficiency in resource use may lead to increased overall resource consumption", "Government regulations are ineffective in promoting resource efficiency",B,"The Jevons paradox describes how increased efficiency in resource use can paradoxically lead to greater overall consumption of that resource due to price effects or increased demand"
"Which of the following is a key component of the 'blue economy' concept?","Exclusive focus on deep sea mining for rare earth minerals", "Sustainable use of ocean resources for economic growth improved livelihoods and jobs while preserving ocean ecosystem health", "Unregulated exploitation of marine resources to maximize short term economic gains",B,"The blue economy aims for sustainable ocean resource use that balances economic growth with ocean health and improved livelihoods for coastal communities"
"What is the 'precautionary principle' in the context of environmental risk management and policy?","Taking action to prevent potential harm even in the absence of complete scientific certainty", "Delaying action until there is full scientific consensus on the existence and severity of environmental risks", "Prioritizing economic growth over environmental protection in policy decisions",A,"The precautionary principle suggests that action to prevent environmental harm should not be delayed even with scientific uncertainty especially when potential harm is severe or irreversible"
"Which international agreement established the concept of 'Nationally Determined Contributions' (NDCs) in addressing climate change?","The Kyoto Protocol", "The Montreal Protocol", "The Paris Agreement",C,"The Paris Agreement introduced NDCs which are voluntary national commitments by each country to reduce emissions and adapt to climate change"
"What does 'Scope 3 emissions' refer to in the GHG Protocol Corporate Standard?","Direct greenhouse gas emissions from sources owned or controlled by the reporting company", "Indirect greenhouse gas emissions from purchased electricity heat or steam", "All indirect emissions in the value chain of the reporting company including upstream and downstream emissions",C,"Scope 3 emissions are all indirect emissions from a companys value chain both upstream emissions from suppliers and downstream emissions from product use and disposal"
"Which of the following best describes 'climate change adaptation' strategies?","Investing in renewable energy technologies to reduce carbon emissions", "Building seawalls and developing drought resistant crops to reduce vulnerability to climate impacts", "Lobbying governments for stronger climate policies and regulations",B,"Climate adaptation involves adjustments and measures to reduce vulnerability and increase resilience to the actual and expected effects of climate change"
"What is the primary aim of 'carbon pricing' mechanisms such as carbon taxes and emission trading systems (ETS)?","To raise government revenue through environmental taxes", "To create an economic incentive for businesses to reduce greenhouse gas emissions", "To promote international cooperation on climate change policy",B,"Carbon pricing mechanisms are designed to create a financial incentive for businesses and individuals to reduce GHG emissions by making polluting activities more expensive"
"In the context of climate change which sector is typically considered the 'prime mover' of the economy and the largest contributor to global emissions?","Agriculture and land use", "Energy production and consumption", "Transportation and logistics",B,"The energy sector is the prime mover because it powers most other sectors and is the largest contributor to GHG emissions globally primarily through fossil fuel combustion"
"What is the significance of the 'EU Taxonomy for Sustainable Activities' for investors in the context of environmental factors?","It provides a legally binding framework for corporate carbon emission reductions", "It establishes a classification system defining environmentally sustainable economic activities guiding green investments", "It mandates ESG disclosure requirements for all companies operating in the European Union",B,"The EU Taxonomy is a classification system that defines what economic activities qualify as environmentally sustainable helping investors identify and direct capital towards green investments"
"Which of the following best describes the 'water energy nexus' in the context of environmental issues?","The interdependence between water and energy systems where water is needed for energy production and energy for water treatment and distribution", "The competition between water and energy sectors for limited government funding", "The use of hydropower as the most sustainable and efficient source of renewable energy",A,"The water energy nexus describes the close interdependence of water and energy systems where each is needed for the production and distribution of the other creating complex challenges"
"According to Chapter 3 what is a key challenge in accurately measuring and comparing companies' 'temperature alignment' with climate goals?","Lack of publicly available data on company emissions", "Significant variation in methodologies and assumptions used in temperature alignment metrics", "Companies' reluctance to disclose their climate strategies and targets",B,"Temperature alignment methodologies are still evolving and there is significant variation in how alignment is measured due to differing assumptions and methodologies"
"Which of the following is NOT a typical example of 'climate change mitigation' strategies?","Investing in carbon capture and storage technologies", "Promoting deforestation to increase carbon sequestration in forests", "Deploying renewable energy sources such as solar and wind power",B,"Deforestation is not a mitigation strategy because it reduces carbon sinks and contributes to climate change Mitigation aims to reduce emissions and enhance carbon sinks"
"What is the main focus of investor initiatives like 'Climate Action 100+' in addressing climate change?","Lobbying governments for stronger climate policies", "Engaging with the world’s largest corporate greenhouse gas emitters to encourage stronger climate action", "Divesting from fossil fuel companies to reduce portfolio carbon footprint",B,"Climate Action 100+ is an investor led initiative focused on engaging with the largest corporate emitters to encourage them to reduce emissions and improve climate related disclosures"
"Which of the following best illustrates the concept of 'climate change resilience' at the community level?","Building taller seawalls to protect coastal communities from rising sea levels", "Relocating entire communities from areas highly vulnerable to climate impacts", "Developing diversified livelihood strategies and social safety nets to reduce vulnerability to climate shocks",C,"Building climate resilience at the community level involves enhancing adaptive capacity through measures like diversified livelihoods and social safety nets to withstand climate impacts"
"In the context of environmental risk assessment what does 'materiality' primarily refer to?","The physical weight or volume of environmental pollutants emitted by a company", "The significance of environmental factors in terms of their potential impact on a company’s financial performance and stakeholder value", "The ethical or moral importance of addressing environmental issues irrespective of financial considerations",B,"Environmental materiality refers to the significance of environmental factors in terms of their potential financial impact and relevance to investors and stakeholders"
"Which of the following is a key difference between 'EU Paris-Aligned Benchmarks' (EU PABs) and 'EU Climate Transition Benchmarks' (EU CTBs)?","EU PABs are mandatory for all EU-listed companies while EU CTBs are voluntary", "EU PABs require a higher level of carbon emission intensity reduction and stricter green investment criteria than EU CTBs", "EU CTBs focus on climate change adaptation while EU PABs focus on climate change mitigation",B,"EU PABs are more ambitious requiring a 50% emission intensity reduction and stricter green investment criteria while EU CTBs require a 30% reduction and allow some fossil fuel investments for transition"
"What is the primary rationale behind using a 'shadow carbon price' in corporate decision making?","To comply with mandatory carbon pricing regulations", "To internally account for potential future carbon costs and risks in investment decisions", "To publicly disclose a company's carbon emissions and reduction targets",B,"Shadow carbon pricing is used internally by companies to account for potential future carbon costs and risks in investment decisions helping to inform investment strategy"
"Which of the following best describes the 'water footprint' of a company or product?","The total volume of water used directly and indirectly throughout its value chain", "The financial cost of water consumption for a company's operations", "The geographical location of a company's water sources",A,"A water footprint measures the total volume of water used both directly and indirectly throughout a companys operations and value chain including water embedded in supply chains"
"In assessing the 'natural capital' of a company what would be considered an example of 'ecosystem services'?","The company’s physical assets such as factories and equipment", "Pollination services provided by bees that benefit agricultural production", "The financial value of timber extracted from company owned forests",B,"Ecosystem services are the many and varied benefits that humans freely gain from the natural environment and properly functioning ecosystems such as pollination water purification and climate regulation"
"Which of the following is a key policy instrument being used by governments to promote climate change mitigation and a circular economy?","Command and control regulations mandating specific emission reduction technologies", "Public subsidies and incentives for renewable energy and energy efficiency", "Voluntary corporate social responsibility programs",B,"Subsidies and incentives help promote green technologies and practices and make them more economically viable helping drive the transition to a low carbon economy"
"In the context of sustainable finance what does the acronym 'NGFS' stand for?","Next Generation Financial Services", "Network for Greening the Financial System", "Non Governmental Financial Standards",B,"NGFS stands for the Network for Greening the Financial System a network of central banks and supervisors working to advance climate and environmental risk management in the financial sector"
"What is the main objective of 'sustainable public procurement' policies in the context of environmental sustainability?","To reduce government spending on infrastructure projects", "To leverage government purchasing power to drive demand for sustainable goods and services", "To promote free and fair trade in environmental goods and services",B,"Sustainable public procurement aims to use government purchasing power to create demand for and promote more sustainable goods services and practices in the market"
"Which of the following best describes the 'blue economy's' potential contribution to addressing global challenges?","Primarily focused on extracting mineral resources from the deep seabed", "Providing solutions for food security climate change mitigation and economic growth through sustainable ocean based industries", "Replacing the traditional 'brown economy' with a completely ocean based economic system",B,"The blue economy offers solutions for food security climate change and economic growth through the sustainable use and management of ocean resources and industries"
"What is the 'implied temperature rise' metric used in climate finance and investment analysis?","A prediction of the exact global temperature increase by 2100", "An estimate of the long term global warming outcome associated with a company's or portfolio's emissions trajectory", "A measure of the current carbon intensity of a company's operations",B,"Implied temperature rise is a metric that estimates the long term global warming outcome if all companies or portfolios followed a similar emissions trajectory to the one being assessed"
"Which of the following is a key challenge in transitioning to a 'circular economy' model particularly in industries with complex global value chains?","Lack of consumer demand for recycled products", "The need for systemic changes in product design material use waste management and consumer behavior across value chains", "High costs associated with recycling and reuse technologies",B,"The transition to a circular economy requires systemic changes across complex value chains including product design material use waste management infrastructure and consumer behavior"
"Which of the following best describes the 'Task Force on Nature-related Financial Disclosures' (TNFD)?","A legally binding international treaty for nature conservation", "A risk management and disclosure framework to help organizations report and act on evolving nature related risks", "A certification scheme for companies demonstrating best practices in biodiversity management",B,"The TNFD is a risk management and disclosure framework designed to help organizations assess manage and disclose their nature related dependencies impacts risks and opportunities"
"What is the primary distinction between 'climate change mitigation' and 'climate change adaptation' strategies?","Mitigation focuses on addressing the causes of climate change while adaptation focuses on managing its impacts", "Mitigation is primarily the responsibility of governments while adaptation is the responsibility of individuals and communities", "Mitigation is a short term solution while adaptation is a long term strategy for climate change",A,"Mitigation efforts focus on reducing GHG emissions to address the causes of climate change while adaptation focuses on managing and reducing vulnerability to the impacts of climate change"
"In the context of environmental sustainability what does 'decoupling' primarily refer to?","Separating economic growth from environmental degradation and resource depletion", "Breaking the link between climate change and extreme weather events", "Disconnecting financial markets from the real economy",A,"Decoupling refers to separating economic growth and human well being from environmental degradation and resource depletion allowing economies to grow while reducing environmental impact"
"Which of the following best describes 'climate sensitivity' as a key concept in climate science?","The degree to which different regions of the world are vulnerable to climate change impacts", "The responsiveness of global temperature to changes in atmospheric carbon dioxide concentrations", "The ability of ecosystems to adapt to changing climate conditions",B,"Climate sensitivity is a measure of how much global average temperature will eventually increase in response to a doubling of atmospheric CO2 concentrations above pre industrial levels"
"What are 'stranded assets' in the context of the energy transition and climate change?","Renewable energy assets located in remote or inaccessible areas", "Assets that have suffered physical damage from climate related disasters", "Assets that suffer from unanticipated or premature write downs devaluations or conversion to liabilities",C,"Stranded assets are assets that suffer premature write downs or devaluation due to factors related to the energy transition or climate change such as fossil fuel reserves that may become unburnable"
"Which of the following best describes the 'carbon risk premium' in investment theory?","The additional return investors demand for investing in low carbon companies", "The additional return investors demand for investing in high carbon companies to compensate for climate related risks", "The difference in returns between green bonds and conventional bonds",B,"The carbon risk premium is the additional return investors may demand to compensate for the perceived higher risks associated with investing in carbon intensive companies facing climate transition risks"
"What is the main purpose of 'stress testing' financial institutions for climate-related risks by central banks and supervisors like the NGFS?","To force financial institutions to divest from fossil fuels", "To assess the resilience of the financial system to different climate change scenarios and identify potential vulnerabilities", "To promote green lending and investment by financial institutions",B,"Climate stress testing is used by supervisors to assess the resilience of financial institutions to climate change by evaluating their exposure and potential losses under different climate scenarios"
"Which of the following best describes 'climate justice' as a concept within climate policy and the energy transition?","Ensuring that climate policies are implemented in a legally just and transparent manner", "Addressing the disproportionate impacts of climate change on vulnerable and marginalized communities and ensuring equitable distribution of climate action burdens and benefits", "Promoting market based mechanisms and economic efficiency in climate policy design",B,"Climate justice focuses on the ethical and social dimensions of climate change and seeks to ensure that climate policies and actions are equitable and do not disproportionately harm vulnerable populations"
"In the context of environmental analysis what does 'life cycle assessment' (LCA) refer to?","A financial analysis of the life cycle costs of a project or investment", "An assessment of the environmental impacts of a product process or service throughout its entire life cycle from raw material extraction to disposal", "A regulatory framework for assessing the environmental liabilities of companies",B,"LCA is a methodology to assess the environmental impacts of a product service or process throughout its entire life cycle from cradle to grave including raw material extraction manufacturing use and disposal"
"Which of the following is a key distinction between 'absolute' and 'intensity' based carbon emission reduction targets?","Absolute targets focus on reducing total emissions while intensity targets focus on reducing emissions per unit of economic output", "Absolute targets are more stringent and ambitious than intensity targets", "Intensity targets are easier for companies to achieve and measure",A,"Absolute emission reduction targets require companies to reduce their total emissions while intensity based targets focus on reducing emissions relative to a unit of output like revenue or production"
"What is the 'Tragedy of the Commons' and how does it relate to environmental issues like climate change and resource depletion?","A situation where individual actors acting independently and rationally in their own self-interest deplete or degrade a shared limited resource even when it is clear that it is not in anyone's long term interest", "A situation where government regulations and policies fail to address environmental problems effectively", "A situation where technological innovation and market mechanisms are insufficient to solve environmental challenges",A,"The Tragedy of the Commons describes a situation where individual self interested actions deplete a shared resource even when it is collectively irrational and harmful to all involved and applies to issues like climate change and resource depletion"
"Which of the following best describes the 'natural capital protocol' and its purpose?","A legally binding international agreement for biodiversity conservation", "A standardized accounting framework for measuring and reporting corporate carbon emissions", "A decision making framework to help businesses identify measure value and prioritize their impacts and dependencies on natural capital",C,"The Natural Capital Protocol is a framework designed to help businesses understand measure value and prioritize their impacts and dependencies on natural capital in decision making"
"What is the 'discount rate' and how does it relate to economic assessments of long term environmental issues like climate change?","The rate at which future cash flows are reduced to their present value in economic analysis reflecting time preference and risk", "The rate of inflation adjusted for environmental factors", "The rate of return on investments in renewable energy projects",A,"The discount rate reflects how future benefits and costs are valued in present terms and a higher discount rate reduces the present value of long term environmental costs and benefits making long term issues less important in cost benefit analysis"
"According to Chapter 3 what is a key challenge in achieving 'net zero emissions' for certain sectors like industry and agriculture?","Lack of political will and public support for ambitious climate action", "Technological and economic limitations in fully decarbonizing some sectors and processes", "Insufficient investment in renewable energy technologies",B,"Certain sectors like heavy industry and agriculture face significant technological and economic challenges in reaching net zero emissions due to the nature of their processes and limited availability of low carbon alternatives"
"Which of the following best describes the 'Clean Technology' sector as an investment theme?","Companies focused on developing and deploying technologies that reduce environmental impact and promote sustainability", "Traditional manufacturing companies adopting incremental environmental improvements", "Companies engaged in carbon offsetting and carbon trading activities",A,"Clean technology encompasses companies developing and deploying technologies and solutions across various sectors that aim to reduce environmental impacts and promote sustainability"
"What is the 'Paris Agreement's' long-term temperature goal in relation to pre-industrial levels?","To limit global warming to well below 3°C and ideally to 2°C", "To limit global warming to well below 2°C and pursue efforts to limit the increase to 1.5°C", "To reverse global warming and return to pre-industrial temperature levels",B,"The Paris Agreement aims to limit global warming to well below 2 degrees C above pre industrial levels and to pursue efforts to limit warming to 1.5 degrees C to avoid the worst climate impacts"
"Which factor is considered a key driver for the increasing adoption of 'climate stress testing' by financial regulators and institutions?","Pressure from environmental activist groups", "Growing recognition of the potential systemic risks to the financial system posed by climate change", "The decreasing profitability of fossil fuel investments",B,"Financial regulators are increasingly adopting climate stress testing to assess the resilience of financial institutions and the financial system as a whole to climate related physical and transition risks"
"What is the 'Global Biodiversity Framework' adopted at the UN Biodiversity Conference (COP 15) in Montreal?","A legally binding treaty for biodiversity conservation", "A strategic plan with goals and targets to halt and reverse biodiversity loss by 2030", "A financial mechanism to fund biodiversity conservation projects in developing countries",B,"The Global Biodiversity Framework is a strategic plan adopted at COP 15 with ambitious goals and targets to halt and reverse biodiversity loss by 2030 and ensure nature positive outcomes"
"Which of the following best describes the 'Corporate Human Rights Benchmark' (CHRB) methodology?","A legal framework for prosecuting companies violating human rights", "A tool for comparative assessment of company human rights performance using publicly available information", "A certification scheme for companies demonstrating best practices in human rights management",B,"The CHRB is a benchmarking initiative that assesses and ranks companies on their human rights performance based on publicly available information providing investors with comparative data"
"What is the 'tragedy of the horizon' as it relates to climate change and financial risk management?","The long term and often distant time horizons over which many climate change impacts and financial risks will materialize making it difficult to incorporate them into short term decision making", "The lack of scientific certainty regarding the timing and magnitude of climate change impacts", "The geographical disparities in climate change impacts with developing countries being disproportionately affected",A,"The tragedy of the horizon refers to the mismatch between the long time horizons of climate change impacts and the typically shorter term focus of financial decision making making it difficult to fully account for long term climate risks"
"Which of the following is a key difference between 'climate change mitigation' and 'climate change adaptation' strategies?","Mitigation focuses on reducing GHG emissions while adaptation focuses on managing climate impacts", "Mitigation is primarily a technological challenge while adaptation is primarily a social and political challenge", "Mitigation is more costly and less effective than adaptation",A,"Mitigation focuses on reducing GHG emissions to address the causes of climate change while adaptation focuses on managing and reducing vulnerability to the impacts of climate change"
"What is the main goal of the 'Sustainable Development Goals' (SDGs) as they relate to environmental sustainability?","To replace the Kyoto Protocol and the Paris Agreement", "To provide a framework for governments businesses and civil society to address global challenges including environmental sustainability poverty and inequality", "To establish legally binding environmental regulations for all UN member states",B,"The SDGs are a set of 17 global goals adopted by the UN to provide a framework for governments businesses and civil society to address interconnected global challenges including sustainability poverty and inequality and climate change"
"Which of the following best describes the 'circular economy' model as a business and economic approach?","An economic system focused on maximizing resource extraction and consumption to drive GDP growth", "A linear model of production consumption and disposal", "An economic model aiming to minimize waste and maximize resource utilization through reuse recycling and regeneration",C,"A circular economy is a regenerative system aiming to minimize waste and utilize resources for as long as possible through reuse and recycling and other means"